{"cameraMode":{"drawMode":0,"name":"Shaded","section":"Shading Mode"},"sceneLighting":true,"audioPlay":false,"sceneViewState":{"m_AlwaysRefresh":false,"showFog":true,"showSkybox":true,"showFlares":true,"showImageEffects":true,"showParticleSystems":true,"showVisualEffectGraphs":true,"m_FxEnabled":true},"in2DMode":false,"pivot":{"x":1.1936715841293336,"y":0.031207650899887086,"z":-11.988622665405274},"rotation":{"x":-0.20298315584659577,"y":-0.3173256516456604,"z":0.0697316899895668,"w":-0.9237098693847656},"size":0.2911580204963684,"orthographic":false}