{"cameraMode":{"drawMode":0,"name":"Shaded","section":"Shading Mode"},"sceneLighting":false,"audioPlay":false,"sceneViewState":{"m_AlwaysRefresh":false,"showFog":true,"showSkybox":true,"showFlares":true,"showImageEffects":true,"showParticleSystems":true,"showVisualEffectGraphs":true,"m_FxEnabled":true},"in2DMode":false,"pivot":{"x":-0.08623015135526657,"y":3.9051249027252199,"z":-6.933420181274414},"rotation":{"x":-0.10311618447303772,"y":0.06173026189208031,"z":0.006412067450582981,"w":0.992731511592865},"size":0.3895430564880371,"orthographic":false}