{"cameraMode":{"drawMode":0,"name":"Shaded","section":"Shading Mode"},"sceneLighting":false,"audioPlay":false,"sceneViewState":{"m_AlwaysRefresh":false,"showFog":true,"showSkybox":true,"showFlares":true,"showImageEffects":true,"showParticleSystems":true,"showVisualEffectGraphs":true,"m_FxEnabled":true},"in2DMode":false,"pivot":{"x":0.040133796632289889,"y":4.021468162536621,"z":-7.0038323402404789},"rotation":{"x":-0.08494092524051666,"y":0.4335647225379944,"z":0.041094325482845309,"w":0.8961686491966248},"size":0.6090704202651978,"orthographic":false}